Ward_code,Ward,Borough,House_price,Wellbeing_score,Unemployment_Rate,Crime_Rate,Deliberate_Fires,Public_Transport_Access,Homes_with_access,Benefit_rate,Density_hectare
E05000026,Abbey,Barking and Dagenham,161375,7.8,8.905805145,120.7855752,1.15942029,5.989364918,-0.88953823,15.5,100.9929633
E05000027,Alibon,Barking and Dagenham,170750,7.6,10.20254184,93.15042424,0.663507109,3.145890095,-1.790968136,21.6,79.20646583
E05000028,Becontree,Barking and Dagenham,176998,7.6,9.930396226,104.6627224,0.411522634,2.8717665,-5.469666137,18.8,100.4984424
E05000029,Chadwell Heath,Barking and Dagenham,209938,7.6,8.591036898,83.68965427,1.853658537,2.260909461,1.977718294,19.8,30.52662722
E05000030,Eastbrook,Barking and Dagenham,203813,7.6,8.293167848,61.60128598,1.121495327,2.30571916,5.687552307,15.8,30.88303416
E05000031,Eastbury,Barking and Dagenham,184968,7.8,10.19981548,88.30656821,1.355932203,2.731589089,-8.237511952,18.8,82.25605536
E05000032,Gascoigne,Barking and Dagenham,160875,7.8,12.1872664,109.5749042,0.706713781,3.232882536,-10.01255114,20.4,115.5820106
E05000033,Goresbrook,Barking and Dagenham,168250,7.8,9.477788652,97.82412239,1.052631579,2.455199663,4.827420368,20.2,91.734375
E05000034,Heath,Barking and Dagenham,165250,7.6,11.85128398,77.10677462,1,2.652043746,0.440582705,21.9,57.0872818
E05000035,Longbridge,Barking and Dagenham,265375,7.8,5.344185435,73.23927263,0.680851064,3.060909897,-2.189863473,12,71.59756098
E05000036,Mayesbrook,Barking and Dagenham,170375,7.6,9.280378056,94.7303521,1.339712919,2.49590147,2.425642336,20.1,58.31442464
E05000037,Parsloes,Barking and Dagenham,169063,7.6,9.462448025,80.69377043,1.2,2.695405293,-1.711715661,20.1,81.68141593
E05000038,River,Barking and Dagenham,165438,7.6,8.45512667,62.89896832,0.695652174,3.009724388,2.922809818,17.5,32.09177928
E05000039,Thames,Barking and Dagenham,199875,7.8,8.726313399,74.48577116,1.744966443,2.133878387,-6.327715908,18.5,15.0913242
E05000040,Valence,Barking and Dagenham,171174,7.6,9.277154125,83.82385034,0.891089109,3.221850725,-2.382206911,22.4,83.86697602
E05000041,Village,Barking and Dagenham,173556,7.6,11.86847748,105.6537901,1.00456621,2.686579749,7.870083432,19.8,52.22897196
E05000042,Whalebone,Barking and Dagenham,199625,7.6,6.752063648,90.00471711,0.550458716,2.903827444,-15.17247011,13,70.55984556
E05000043,Brunswick Park,Barnet,373238,7.4,3.83614847,57.27439263,0.294117647,2.887348973,0.808435447,9.1,52.44486452
E05000044,Burnt Oak,Barnet,242500,7.3,6.759640807,74.37525144,0.633245383,3.586326773,-7.409572009,15,94.02131783
E05000045,Childs Hill,Barnet,503250,7.4,6.157981185,96.49486253,0.14527845,4.537207379,-1.012769666,11.9,67.46519909
E05000046,Colindale,Barnet,255881,7.3,4.648957907,56.37529866,0.227790433,2.495852252,-6.354378605,14.6,77.28236185
E05000047,Coppetts,Barnet,344499,7.4,4.732371441,104.0664206,0.451977401,2.903866138,-2.035281296,11,64.44852941
E05000048,East Barnet,Barnet,334738,7.4,4.060777798,58.05766609,0.18018018,2.771772128,4.266490434,9.7,43.92057569
E05000049,East Finchley,Barnet,360000,7.4,4.034148211,55.1598962,0.242424242,2.625567336,-3.449976679,10.6,66.03011094
E05000050,Edgware,Barnet,337875,7.3,4.215300396,69.21773634,0.872093023,3.009139552,-3.772829669,9.9,31.70323741
E05000051,Finchley Church End,Barnet,460800,7.4,3.188710442,48.41977569,0.18404908,2.89927903,-13.33798738,7.7,59.64562569
E05000052,Garden Suburb,Barnet,738000,7.4,1.939633813,57.44254562,0.060606061,2.719333305,1.412517133,5,34.54449376
E05000053,Golders Green,Barnet,458250,7.4,4.617437794,70.38444409,0.318906606,3.403282679,-8.931457973,12.8,65.17461383
E05000054,Hale,Barnet,349994,7.3,3.960219558,63.48963875,0.224089636,2.580245482,-5.144116847,9.8,32.98967171
E05000055,Hendon,Barnet,340313,7.4,4.652121842,72.51575881,0.263852243,2.678956926,-7.332392178,9.3,67.20070423
E05000056,High Barnet,Barnet,369275,7.4,2.709814585,65.45694143,0.252365931,2.674228917,3.757861289,7.9,18.63160428
E05000057,Mill Hill,Barnet,410000,7.3,3.782902678,68.6536746,0.363636364,2.282931632,3.683404576,8.5,20.04687334
E05000058,Oakleigh,Barnet,353813,7.4,3.525437176,60.13418442,0.430769231,3.259608149,-7.785864637,8.3,48.60114561
E05000059,Totteridge,Barnet,504188,7.4,2.458612226,42.32629721,0.062305296,2.545557476,8.001117875,6.5,17.80679745
E05000060,Underhill,Barnet,332056,7.4,5.234190343,60.47202131,1.021021021,2.607020357,4.523608795,12.1,35.25922671
E05000061,West Finchley,Barnet,333438,7.4,3.302902072,62.2281095,0.293255132,3.63700115,-16.06378447,8.6,78.57936141
E05000062,West Hendon,Barnet,250500,7.4,5.201368705,98.21194033,0.543478261,3.548876715,-0.177458927,11.6,51.558669
E05000063,Woodhouse,Barnet,355000,7.4,4.593144624,78.51975755,0.274725275,2.877864051,-11.51868137,11.2,68.83996937
E05000064,Barnehurst,Bexley,230125,7.8,3.371612493,54.26691017,0.379146919,3.135915766,-1.74210405,9.7,36.83275261
E05000065,Belvedere,Bexley,148975,7.8,6.054949766,74.6555908,1.234567901,2.752564148,4.518671778,16,38.44669408
E05000066,Blackfen and Lamorbey,Bexley,250000,7.8,2.035333613,41.31772371,0.093023256,2.051587362,-5.00590794,7.6,63.88263189
E05000067,Blendon and Penhill,Bexley,250000,7.8,2.385615304,47.66503919,0.090909091,2.0657379,1.076187182,7.2,52.37845567
E05000068,Brampton,Bexley,255625,7.8,2.344827809,44.93574774,0.377358491,2.665178931,-8.517365671,7.9,54.07501267
E05000069,Christchurch,Bexley,238499,7.8,3.249798826,80.6636661,0.625,3.422257225,-2.884859304,8.8,43.63029827
E05000070,Colyers,Bexley,208375,7.8,6.263718585,55.78225642,0.530973451,2.0485193,-11.95607014,14.2,69.07982937
E05000071,Crayford,Bexley,175500,7.8,4.846249609,52.16896518,0.686695279,2.0535666,-2.911922188,15.1,30.2016129
E05000072,Cray Meadows,Bexley,235000,7.8,4.053287352,46.30816028,0.442477876,2.315611368,10.59440718,14.5,16.01197105
E05000073,Danson Park,Bexley,223500,7.8,3.144514753,66.54612181,0.181818182,2.937262131,5.900968095,9.2,40.42709867
E05000074,East Wickham,Bexley,234688,7.8,4.220355892,60.02685888,0.091324201,2.454414115,-2.353300999,11,50.92669433
E05000075,Erith,Bexley,163301,7.8,6.437431493,74.4619334,1.532258065,2.5523982,6.928454402,16.3,26.20479394
E05000076,Falconwood and Welling,Bexley,235563,7.8,2.989392975,65.3936573,0,2.384968756,-9.439389892,7.2,65.30930931
E05000077,Lesnes Abbey,Bexley,233119,7.8,5.312984193,77.87901592,0.698689956,2.779491628,4.837080769,12.8,48.59493671
E05000078,Longlands,Bexley,246874,7.8,2.791335314,40.35099178,0.28436019,2.652284057,2.796154203,8.3,40.625
E05000079,North End,Bexley,161750,7.8,8.586598935,82.66562433,2.468085106,2.592034146,14.84644969,21.6,20.67850237
E05000080,Northumberland Heath,Bexley,231624,7.8,3.528782571,61.70569485,0.46728972,2.143141561,-5.899183884,11.3,60.80544526
E05000081,St Mary's,Bexley,266688,7.8,1.99636423,43.44821236,0.18957346,2.630202734,6.05503875,6.6,24.51569203
E05000082,St Michael's,Bexley,233750,7.8,3.506681565,41.52051903,0.266666667,2.16793809,-8.585039384,9,78.37257618
E05000083,Sidcup,Bexley,223750,7.8,1.994602092,43.15382346,0.091324201,3.215069096,3.819598392,7,42.43893412
E05000084,Thamesmead East,Bexley,138744,7.8,9.460343152,64.32692291,1.463414634,2.573495051,9.906060699,16.4,25.38763697
E05000085,Alperton,Brent,225696,7.4,4.630393215,69.67054345,0.273037543,2.966510576,-7.936855544,10.4,72.82312925
E05000086,Barnhill,Brent,345625,7.4,6.790186595,77.67540729,0.124610592,3.010850116,6.82122412,17.8,54.69243697
E05000087,Brondesbury Park,Brent,477219,7.6,5.425604037,92.67288072,0.456273764,3.765928054,-14.65891136,13.6,76.74796748
E05000088,Dollis Hill,Brent,306500,7.6,8.094578668,63.31462967,0.073800738,2.861482992,0.071874676,17.6,60.00435161
E05000089,Dudden Hill,Brent,383750,7.4,9.131150656,100.9177269,0.582524272,3.440448456,-4.034037055,18.2,92.56837099
E05000090,Fryent,Brent,316313,7.4,5.32031719,67.6875143,0.072463768,2.845433974,8.881106977,10.5,51.3393529
E05000091,Harlesden,Brent,248250,7.4,23.50945213,119.7639047,0.231213873,3.839064795,-14.05048183,29.6,152.9775785
E05000092,Kensal Green,Brent,392500,7.4,12.96274168,115.1852632,0.4,4.109946629,-3.67599863,21.5,135.14719
E05000093,Kenton,Brent,421250,7.4,2.557799234,65.52673639,0.24291498,2.739812717,-2.233368149,8.4,54.56444444
E05000094,Kilburn,Brent,377500,7.6,13.04671766,104.2171243,0.115273775,5.502357913,-13.44802832,21.1,189.0148305
E05000095,Mapesbury,Brent,381625,7.6,7.386203213,99.32476806,0.253164557,4.467012468,-10.16667849,17.3,114.0602582
E05000096,Northwick Park,Brent,387481,7.4,3.111589781,54.06979674,0.152671756,2.687832234,-1.11408103,8.8,48.10699588
E05000097,Preston,Brent,280813,7.4,4.901308224,65.73756762,0.448717949,3.407097538,0.286284698,13.4,65.55741127
E05000098,Queens Park,Brent,458369,7.6,6.728696489,90.59070124,0.324675325,5.038351587,-5.056739358,13.9,105.1376763
E05000099,Queensbury,Brent,326494,7.4,4.301725965,78.58479452,0.3125,2.995394362,-0.768745907,10.8,75.33170732
E05000100,Stonebridge,Brent,223813,7.4,13.66636182,76.77364784,0.579710145,3.187122886,-12.11612122,29,42.25647349
E05000101,Sudbury,Brent,235250,7.4,5.879420773,62.90527633,0.331125828,3.299717889,4.41006466,12.2,70.77464789
E05000102,Tokyngton,Brent,256250,7.4,4.880099803,74.98055763,0.470588235,3.464747276,-6.265441184,13,55.70911722
E05000103,Welsh Harp,Brent,247500,7.4,7.466758315,79.591982,0.431654676,2.75266065,8.566763874,16,60.43685121
E05000104,Wembley Central,Brent,237500,7.4,6.214393176,114.3914692,0.129449838,4.932109362,-6.634043297,13,94.52900811
E05000105,Willesden Green,Brent,305625,7.6,8.735828494,114.7678518,0.378548896,4.625480947,-0.208391279,22.8,103.4518423
E05000106,Bickley,Bromley,360875,7.8,2.146728906,45.73813397,0.325732899,2.375334913,-8.429818804,6.1,31.77243787
E05000107,Biggin Hill,Bromley,258375,8.2,2.658848808,67.74153383,0.689655172,1.813515766,-1.426749107,7,12.39314175
E05000108,Bromley Common and Keston,Bromley,293119,8.2,3.835506875,58.06449765,0.19047619,2.324135933,11.91173436,10.6,19.6286504
E05000109,Bromley Town,Bromley,263750,7.8,3.425689589,80.68294355,0.393258427,3.811136343,-1.230634077,8.7,47.63044648
E05000110,Chelsfield and Pratts Bottom,Bromley,300375,7.6,2.083007302,43.83421284,0.271186441,2.059468412,10.08252029,6.2,11.7608661
E05000111,Chislehurst,Bromley,352499,7.8,2.846094235,72.24390411,0.328947368,2.134534227,6.828480037,6.2,14.93444349
E05000112,Clock House,Bromley,272369,7.6,3.793829669,69.94466264,0.189274448,3.954252643,-2.898896666,8.6,70.66637246
E05000113,Copers Cope,Bromley,253749,7.6,3.000522656,84.30862706,0.063492063,3.271929155,-4.958985881,7.3,48.25623859
E05000114,Cray Valley East,Bromley,196000,7.6,5.880663415,90.04636753,2.420382166,2.127478481,11.54382476,17.2,11.9461168
E05000115,Cray Valley West,Bromley,207313,7.6,6.857263035,73.07880694,0.879765396,2.291184432,-0.777249662,19,43.36973083
E05000116,Crystal Palace,Bromley,209711,7.6,7.920652109,120.9545293,0.472440945,4.562356888,11.58964103,16.9,55.73484518
E05000117,Darwin,Bromley,397494,8.2,1.631875104,49.71977774,1.333333333,1.324718063,7.184143062,6.5,1.83296022
E05000118,Farnborough and Crofton,Bromley,323625,7.6,2.306953794,41.5903202,0.404040404,2.499465368,3.660258488,6.5,21.2108649
E05000119,Hayes and Coney Hall,Bromley,363119,8.2,2.42146415,45.53164286,0.802469136,2.349995051,13.75123885,5.9,14.95516317
E05000120,Kelsey and Eden Park,Bromley,358313,7.6,2.893675344,76.41609201,0.433436533,2.710584424,4.625938977,7.6,31.3
E05000121,Mottingham and Chislehurst North,Bromley,212625,7.8,7.126010273,124.7692691,1.37254902,2.514984225,5.47739564,17.6,42.01714986
E05000122,Orpington,Bromley,265000,7.6,4.758532452,83.02495756,1.08974359,2.850628817,-5.480513495,11.3,36.04088346
E05000123,Penge and Cator,Bromley,281994,7.6,7.416208239,100.2998356,1.016949153,4.156462996,4.051644317,14.8,60.17923571
E05000124,Petts Wood and Knoll,Bromley,413125,7.6,2.045089551,46.96369004,0.143884892,2.805037666,-0.438912212,4.7,32.43840074
E05000125,Plaistow and Sundridge,Bromley,258875,7.8,4.557854213,67.66380521,0.258899676,2.942841317,0.345243489,11.9,38.98322064
E05000126,Shortlands,Bromley,313500,7.6,1.622122977,49.29011702,0,2.723820729,-6.277853911,5.4,41.06677524
E05000127,West Wickham,Bromley,395000,8.2,2.245604419,37.34263639,0.132013201,2.160767639,-1.8558816,5.5,34.11058237
E05000128,Belsize,Camden,744750,7.7,3.211833951,71.00969533,0.62745098,4.174886538,-5.238115844,7.7,171.6794872
E05000129,Bloomsbury,Camden,512596,7.5,4.180606734,60.61141258,0.436681223,7.981070533,0.890361769,6.3,107.7473066
E05000130,Camden Town with Primrose Hill,Camden,651688,7.7,5.4273152,199.4762046,0.463320463,5.448136004,2.075237263,11.9,111.5780446
E05000131,Cantelowes,Camden,461875,7.7,6.280690839,113.3997164,0.731707317,4.86282398,-2.026557947,13.4,162.6121372
E05000132,Fortune Green,Camden,510125,7.6,4.884202249,84.4465223,0.083333333,4.753526267,1.185127617,10.7,124.1492537
E05000133,Frognal and Fitzjohns,Camden,967625,7.6,1.696443786,62.77552558,0,4.845434564,-6.955857092,4.3,81.33724723
E05000134,Gospel Oak,Camden,522000,7.7,6.252177383,71.89007903,0,4.103665549,-1.925255348,14.8,169.276411
E05000135,Hampstead Town,Camden,954625,7.6,1.55463337,56.15030285,0.353982301,4.019133632,8.866181121,4.6,48.1877551
E05000136,Haverstock,Camden,454125,7.7,7.613037068,96.58704031,0.238095238,4.749290975,-7.44415816,15.3,176.2704918
E05000137,Highgate,Camden,512925,7.6,4.910869249,74.07281004,0.18018018,3.929575932,15.82331833,12.1,35.20666255
E05000138,Holborn and Covent Garden,Camden,615419,7.5,6.096954093,45.85980456,0.37037037,7.90952094,-9.435843626,12.3,112.5645296
E05000139,Kentish Town,Camden,490813,7.7,5.688161482,76.56268892,0.363636364,5.653912568,-0.872752891,12.4,135.4085603
E05000140,Kilburn,Camden,422688,7.6,7.793561174,126.7279255,0.408163265,5.544464254,-5.363823893,16.8,186.122449
E05000141,King's Cross,Camden,304956,7.5,7.471864434,67.13506418,0.243902439,7.778819845,-2.245930951,9.3,194.147541
E05000142,Regent's Park,Camden,481250,7.5,6.397170518,51.19506841,0.561403509,6.808654901,6.702664103,13.8,103.2740741
E05000143,St Pancras and Somers Town,Camden,390750,7.5,9.833327679,58.46908391,0.331125828,7.067932684,1.282438508,18.6,107.3571429
E05000144,Swiss Cottage,Camden,628125,7.6,2.966837596,84.25389524,0.459770115,6.166429566,-0.649803333,7.2,108.2895784
E05000145,West Hampstead,Camden,506238,7.6,4.409114587,99.38705466,0.566801619,6.044165192,0.802354984,10.1,141.9391206
E05000146,Addiscombe,Croydon,219500,7.6,4.956421331,83.5974547,0.23054755,4.624694894,-20.34038669,11.9,107.5548589
E05000147,Ashburton,Croydon,283125,7.3,5.412689751,70.59926332,0.666666667,2.884615081,5.147389056,13.6,54.68312454
E05000148,Bensham Manor,Croydon,217494,7.5,8.42750306,95.20557894,0.304878049,3.271723158,-10.3153333,13.1,115.0899032
E05000149,Broad Green,Croydon,205750,7.6,8.368561264,135.0454706,1.447028424,4.700074408,-11.17908743,17.9,72.80464942
E05000150,Coulsdon East,Croydon,312313,7.9,3.814446728,44.8265328,0.4,1.870646937,10.70168124,8.5,16.13199018
E05000151,Coulsdon West,Croydon,338119,7.9,2.714728514,60.92644309,0.144404332,2.52261634,-5.067940608,7.9,27.5995996
E05000152,Croham,Croydon,224163,7.6,4.537940787,80.63213054,0.25,3.30582292,-2.151213249,9.8,46.43201817
E05000153,Fairfield,Croydon,195800,7.6,4.067164678,116.8797448,0.572916667,5.674121309,-10.47771942,11.3,46.3373174
E05000154,Fieldway,Croydon,179125,7.6,10.22634397,81.84039337,2.478632479,2.916618205,-10.80952571,24.9,78.45791246
E05000155,Heathfield,Croydon,219938,7.6,4.038638989,92.22202554,0.371747212,2.257409137,8.539141363,10.6,15.35706085
E05000156,Kenley,Croydon,280375,7.9,3.88076679,51.04484178,0.195439739,1.909651344,0.591795999,9.1,23.63003096
E05000157,New Addington,Croydon,191750,7.6,7.922956677,79.73428602,1.176470588,2.692080495,5.535295182,22.4,45.24711697
E05000158,Norbury,Croydon,299686,7.5,6.366446616,87.27268763,0.237388724,3.093607647,-0.58362214,11.3,66.91269841
E05000159,Purley,Croydon,308625,7.9,4.26163683,77.46089572,0.331125828,2.855053379,-8.535131992,10,36.63551402
E05000160,Sanderstead,Croydon,343625,7.9,2.793017706,37.83527391,0.153256705,1.666422015,3.249250061,6.7,20.38606997
E05000161,Selhurst,Croydon,181188,7.5,9.677613146,100.9929224,0.326975477,4.247124659,-12.44170165,20,81.32630654
E05000162,Selsdon and Ballards,Croydon,318909,7.6,2.78193451,42.75656727,0.082987552,1.979112433,7.376015425,6.4,18.47955042
E05000163,Shirley,Croydon,294500,7.6,4.651811906,58.60230855,0.274914089,1.965728957,-8.044311099,11.5,51.78214286
E05000164,South Norwood,Croydon,195738,7.3,9.356552058,101.083872,1.074626866,3.873424191,-3.159583667,18.2,71.19277614
E05000165,Thornton Heath,Croydon,201713,7.5,11.1405338,94.32431696,0.299401198,3.270693526,-11.46596782,17.7,100.9518144
E05000166,Upper Norwood,Croydon,278000,7.3,7.879856254,86.48737212,0.304878049,2.951032276,0.657667672,14.5,62.85496183
E05000167,Waddon,Croydon,204511,7.6,6.423486633,77.5113708,0.862068966,3.631731605,6.255048459,16.9,49.19319429
E05000168,West Thornton,Croydon,207369,7.5,7.700839627,104.1947501,0.788732394,3.13128284,-4.977331934,14.2,91.13981763
E05000169,Woodside,Croydon,206275,7.3,8.210774828,99.88208953,0.530973451,3.700291407,0.176980258,17.5,78.86017536
E05000170,Acton Central,Ealing,415375,7.7,6.812754826,118.9124023,0.063897764,3.135169639,5.581676289,14.2,88.65915493
E05000171,Cleveland,Ealing,406250,8,5.724272748,62.71577074,0.204081633,3.033226042,4.229538669,12.6,65.69444444
E05000172,Dormers Wells,Ealing,235063,8.1,8.81855781,71.02476995,0.213523132,3.336019152,8.337092088,14.8,61.53607791
E05000173,Ealing Broadway,Ealing,418750,8,3.449932695,108.935797,0.134680135,5.03621398,-7.65860368,9.5,75.97199785
E05000174,Ealing Common,Ealing,420369,8,4.579691061,93.68424006,0.212014134,3.582906414,5.998582212,9.4,65.86448598
E05000175,East Acton,Ealing,311125,7.7,7.587405033,70.46543512,0.311688312,3.976615234,2.649584489,15.3,44.47331461
E05000176,Elthorne,Ealing,329938,8,5.626746028,88.3553633,0.135135135,3.820471872,1.743413875,14.5,76.95
E05000177,Greenford Broadway,Ealing,219306,7.7,7.274531543,99.26105855,0.396600567,3.394188166,2.9184144,15.8,70.82077716
E05000178,Greenford Green,Ealing,274000,7.7,4.531930852,72.55667735,0.138408304,2.618624911,4.548356115,10,43.04052056
E05000179,Hanger Hill,Ealing,407375,7.7,3.130325136,66.11941559,0.127388535,3.670560966,-5.841258596,7.4,48.20403177
E05000180,Hobbayne,Ealing,313375,8,5.484115382,66.45507623,0.350877193,3.109289379,6.132219821,14.2,65.70652174
E05000181,Lady Margaret,Ealing,251750,8.1,6.442025962,64.41873722,0.642857143,3.032537461,5.610021029,11.5,89.94801819
E05000182,Northfield,Ealing,518175,8,2.437557977,58.15358436,0.294117647,3.370011785,4.432989805,5.5,88.98371336
E05000183,North Greenford,Ealing,294438,7.7,3.757402911,71.12913172,0.608108108,2.590912822,10.38945529,8.6,45.45566502
E05000184,Northolt Mandeville,Ealing,246875,7.7,7.330479586,73.7655455,0.786885246,3.189994328,11.35773379,16.1,55.83575581
E05000185,Northolt West End,Ealing,187938,7.7,9.121289834,97.7421368,0.462046205,2.544644519,8.331732054,18.9,42.53664036
E05000186,Norwood Green,Ealing,261625,8.1,10.06823799,70.73800413,0.777385159,2.325638174,12.51650131,19.1,36.74222457
E05000187,Perivale,Ealing,288625,7.7,4.841190676,80.52265142,0.064935065,2.307623984,5.405836856,10.6,46.07726597
E05000188,South Acton,Ealing,344125,7.7,7.152448672,89.20893337,0.128617363,4.576727328,3.392937592,13.4,91.663758
E05000189,Southall Broadway,Ealing,242869,8.1,8.197766446,118.6142451,1.016949153,3.248759423,-2.4764459,14.2,83.44019729
E05000190,Southall Green,Ealing,201988,8.1,10.38645453,95.41958471,0.808080808,3.037982736,0.598115368,13.7,92.80126183
E05000191,Southfield,Ealing,600125,7.7,3.040294024,82.08097871,0.296296296,3.081615531,4.930874022,7.3,95.14982578
E05000192,Walpole,Ealing,469000,8,3.586845112,77.67027163,0,3.820801654,-2.230529537,8.3,91.58253752
E05000193,Bowes,Enfield,273233,7.4,6.595761416,74.30485684,0.138888889,3.886243538,-10.94985273,15,97.07744108
E05000194,Bush Hill Park,Enfield,319375,7.4,3.859417171,69.51202124,0.425531915,2.737835199,0.551715923,9.5,55.88677751
E05000195,Chase,Enfield,266311,7.2,6.38757699,65.44122091,0.931899642,1.954321284,15.41660175,14.9,8.281397545
E05000196,Cockfosters,Enfield,364563,7.4,3.915407874,51.0038809,0.496453901,2.612969454,11.39553685,9.2,13.44671855
E05000197,Edmonton Green,Enfield,188175,7.4,19.28036647,107.8302917,1.043956044,3.939437924,3.100938181,26.8,58.69287312
E05000198,Enfield Highway,Enfield,221563,7.2,9.905043006,78.84394259,0.981595092,2.527136561,1.243295304,19.1,35.37400302
E05000199,Enfield Lock,Enfield,196813,7.2,10.63182196,78.34601046,0.535714286,2.581623404,4.262174041,20.5,54.61396493
E05000200,Grange,Enfield,318869,7.2,3.394738048,70.89315387,0.534351145,3.111468395,-5.266908061,6.7,39.39440049
E05000201,Haselbury,Enfield,222750,7.4,10.52559809,83.39262165,0.486322188,3.030073732,0.193839793,20,92.94936004
E05000202,Highlands,Enfield,295000,7.4,3.026043916,46.77049573,0.224719101,2.707157819,0.705904621,10.4,26.1163522
E05000203,Jubilee,Enfield,224000,7.4,9.071014682,77.51238397,0.618556701,2.473449432,9.840274274,17.8,37.15160796
E05000204,Lower Edmonton,Enfield,213375,7.4,11.13237581,67.48697624,0.600600601,3.228453307,2.571679674,21.2,78.04597701
E05000205,Palmers Green,Enfield,309125,7.4,5.451420418,88.79472761,0.580645161,2.535936755,-4.446611215,12.9,80.24214323
E05000206,Ponders End,Enfield,201500,7.4,13.0463318,81.05753717,0.731707317,3.326026914,6.874875809,20.7,45.39915374
E05000207,Southbury,Enfield,242765,7.2,7.876600934,92.22333504,0.810810811,3.066652967,4.399491453,17.5,51.93086592
E05000208,Southgate,Enfield,287000,7.4,4.194254142,64.06522143,0.13559322,3.142023072,-3.436684469,9.9,55.26570048
E05000209,Southgate Green,Enfield,395119,7.4,4.315048278,69.3432128,0.211267606,3.889899695,-3.413105715,10.4,53.86702331
E05000210,Town,Enfield,294686,7.2,3.906758576,52.02304252,0.264900662,2.5584276,-5.484265467,8.9,68.38781908
E05000211,Turkey Street,Enfield,224749,7.2,9.547595356,107.3768008,0.753424658,2.490118594,0.177143483,20.9,65.71998228
E05000212,Upper Edmonton,Enfield,220000,7.4,11.74016423,118.5859263,0.997229917,3.403512614,-1.231414738,21.8,66.94832139
E05000213,Winchmore Hill,Enfield,373500,7.4,3.799806703,64.7442149,0.147058824,2.943532078,-5.747874943,8.8,49.61552412
E05000214,Abbey Wood,Greenwich,185374,7.9,8.72114354,96.7738236,0.877742947,3.066134612,7.886665386,21.2,60.67470788
E05000215,Blackheath Westcombe,Greenwich,350000,7.7,3.268591202,92.39768699,0.381679389,3.425645527,-2.662993575,10.6,61.86623012
E05000216,Charlton,Greenwich,330000,7.7,7.278217972,68.8195107,0.689655172,4.02930493,1.054258009,17.3,72.95476893
E05000217,Coldharbour and New Eltham,Greenwich,255000,7.7,4.774117296,61.64329919,0.45112782,2.867917014,-3.932330364,13.7,51.97724598
E05000218,Eltham North,Greenwich,269500,7.7,3.949008914,71.63905113,0.078431373,2.884989902,-0.890859341,10.3,50.09803922
E05000219,Eltham South,Greenwich,236688,7.7,4.990986999,74.66627948,0.387596899,3.340033238,5.210684012,13.2,27.06721418
E05000220,Eltham West,Greenwich,256594,7.7,6.065591638,73.00195956,0.436681223,3.05843072,-3.133290454,17.7,46.40148392
E05000221,Glyndon,Greenwich,192000,7.9,10.08838953,68.07487686,1.525885559,3.995407262,1.035008736,19.9,109.5950704
E05000222,Greenwich West,Greenwich,363250,7.7,5.187617763,100.9706414,0.455840456,4.597634696,9.537784379,13.9,66.41401502
E05000223,Kidbrooke with Hornfair,Greenwich,241200,7.7,6.868095144,79.75639804,0.827586207,2.554345294,-1.572014595,16.6,61.32043734
E05000224,Middle Park and Sutcliffe,Greenwich,260125,7.7,8.099237519,84.51792487,0.727272727,2.26976918,-0.323641248,19.6,41.34287454
E05000225,Peninsula,Greenwich,345798,7.7,4.243959888,115.2700737,0.361757106,4.52817859,3.526370255,13.6,33.55644801
E05000226,Plumstead,Greenwich,190603,7.9,10.55674954,80.3217797,2.189349112,3.56389176,1.346817156,16.5,72.99021693
E05000227,Shooters Hill,Greenwich,234125,7.7,5.722598808,58.74326161,1.102941176,2.435871306,7.372872209,13.7,36.02380952
E05000228,Thamesmead Moorings,Greenwich,161124,7.9,9.281193356,74.44622689,1.097852029,2.642959917,2.11551585,16.2,42.03491998
E05000229,Woolwich Common,Greenwich,193688,7.9,13.22420418,81.24421869,1.185983827,3.999408673,2.889257343,21.9,70.20610687
E05000230,Woolwich Riverside,Greenwich,261625,7.9,10.41965946,85.88367205,0.758293839,4.496121271,-7.770834071,20.8,63.21126761
E05000231,Brownswood,Hackney,346744,7.4,5.854982657,127.6832426,0.081300813,6.132485111,-2.197309903,16.8,141.0344828
E05000232,Cazenove,Hackney,296244,7.4,9.648899345,59.90687245,0.294117647,4.749908673,-6.623647861,15,202.2222222
E05000234,Clissold,Hackney,409187,7.4,5.316362321,105.5434354,0.08,3.634102735,-1.448488473,14.3,179.2307692
E05000235,Dalston,Hackney,391250,7.4,11.562715,199.7694929,0.323624595,5.960534788,-1.919378525,21.4,165.0701187
E05000236,De Beauvoir,Hackney,393250,7.6,9.032120385,222.9207195,0.343642612,4.881049237,-0.277660471,16.5,172.5421822
E05000237,Hackney Central,Hackney,348500,7.5,10.82314917,105.250609,0.077220077,6.736875009,-6.176649242,20.4,169.8974359
E05000238,Hackney Downs,Hackney,327125,7.4,11.21564215,103.6676756,0.075471698,5.494949439,-0.510122699,20.9,130.1571709
E05000239,Haggerston,Hackney,338913,7.6,10.37600241,66.45019008,0.881355932,5.707508965,-2.698143082,17.7,114.2236525
E05000240,Hoxton,Hackney,399400,7.6,9.104647595,109.3046292,0.564263323,5.828051271,-0.906606515,18.9,185.1609058
E05000241,King's Park,Hackney,365875,7.5,13.27811806,84.05359107,0.263157895,2.853333482,16.90592403,21.3,66.14112459
E05000242,Leabridge,Hackney,337250,7.4,11.33713861,102.0961986,0.278745645,4.303288939,-3.744059419,20.9,137.6409774
E05000246,Springfield,Hackney,252500,7.4,10.55694801,73.79066742,0.478087649,3.237558006,-2.402754146,20,134.894958
E05000247,Stoke Newington Central,Hackney,442874,7.4,8.135466756,117.0860218,0.155642023,5.256227654,-1.975124969,15.7,179.6207865
E05000248,Victoria,Hackney,388625,7.5,12.0087925,136.707848,0.73800738,4.691406529,0.050290012,21.2,170.9950249
E05000249,Wick,Hackney,295625,7.5,11.77771692,116.2721351,0.578512397,3.947464478,11.6855226,24.8,75.3125
E05000250,Addison,Hammersmith and Fulham,478125,7.9,4.386753212,117.0891792,0.086580087,6.525039351,-9.949547898,13.1,203.2188065
E05000251,Askew,Hammersmith and Fulham,384250,7.9,6.513460223,102.893384,0.350877193,3.595044596,-5.636669458,15.9,186.0079051
E05000252,Avonmore and Brook Green,Hammersmith and Fulham,456375,7.9,4.382414901,49.11989846,0.08,6.03902444,-9.691270988,10.6,132.8379888
E05000253,College Park and Old Oak,Hammersmith and Fulham,334438,7.9,7.913415669,50.38422686,0.703517588,4.890492559,6.350628693,21.2,25.91569767
E05000254,Fulham Broadway,Hammersmith and Fulham,540625,7.7,4.628833016,109.7035661,0,5.375265869,-4.4569855,12.5,162.2788606
E05000255,Fulham Reach,Hammersmith and Fulham,484363,7.7,3.67290096,72.7629919,0.172413793,4.176905245,1.329226269,9.6,125.2154195
E05000256,Hammersmith Broadway,Hammersmith and Fulham,534875,7.7,5.4618184,90.01251436,0.247933884,5.96747849,-7.685673585,14.1,106.0960145
E05000257,Munster,Hammersmith and Fulham,646250,7.7,2.631435054,77.92461532,0,3.701931161,-5.922679374,8.2,172.9213483
E05000258,North End,Hammersmith and Fulham,421869,7.7,4.664059675,74.15400342,0.24691358,5.236870524,-1.433419878,11.6,175.6426332
E05000259,Palace Riverside,Hammersmith and Fulham,730000,7.7,1.651755201,75.58922369,0.132450331,3.726918037,13.46847735,6,49.3923025
E05000260,Parsons Green and Walham,Hammersmith and Fulham,1064375,7.7,2.738549121,101.7257135,0.184331797,4.671401069,4.061842508,8.8,119.7772829
E05000261,Ravenscourt Park,Hammersmith and Fulham,618125,7.9,3.153502518,98.66995497,0.183486239,4.043433565,-4.199123489,11.3,86.22131148
E05000262,Sands End,Hammersmith and Fulham,663750,7.7,4.101531308,61.91414649,0.076045627,3.401712943,1.62946781,12.7,93.48583878
E05000263,Shepherd's Bush Green,Hammersmith and Fulham,418875,7.9,7.604264258,145.4907741,0.158730159,5.571161596,2.849739797,17,111.715089
E05000264,Town,Hammersmith and Fulham,688688,7.7,3.715050904,87.35762335,0,4.629092277,-7.713429818,9.9,167.5384615
E05000265,Wormholt and White City,Hammersmith and Fulham,421891,7.9,9.71872208,94.59479225,0.220588235,3.238615553,1.934925159,20.6,144.2146018
E05000266,Alexandra,Haringey,477625,7.5,3.392186624,94.84781949,0,3.260597488,8.340144899,7.4,46.53272101
E05000267,Bounds Green,Haringey,255063,7.5,8.199569897,103.5970379,0.141342756,4.907740444,3.711757,16.7,102.933526
E05000268,Bruce Grove,Haringey,242688,7.4,14.65065393,102.0163087,0.067567568,4.493993018,-4.233244206,22.3,159.2588614
E05000269,Crouch End,Haringey,465675,7.5,3.109347218,84.13874611,0,3.382829043,-2.302876,6.7,89.61111111
E05000270,Fortis Green,Haringey,420063,7.5,3.193621371,80.25432031,0.235294118,3.124341941,4.8294086,8,65.11033099
E05000271,Harringay,Haringey,341112,7.5,8.909774303,144.9684005,0.145454545,5.344342803,7.20945987,16.7,87.25992318
E05000272,Highgate,Haringey,501927,7.5,3.296739235,73.84431549,0.168067227,3.955121822,5.085188331,8,48.01120448
E05000273,Hornsey,Haringey,355625,7.5,8.406033624,78.09041964,0.23255814,3.353545234,-3.431689323,15.7,122.5876777
E05000274,Muswell Hill,Haringey,568125,7.5,2.977494423,85.45977548,0.182648402,3.24459172,3.96868194,6.5,67.85108959
E05000275,Noel Park,Haringey,265500,7.5,11.62180251,176.4886919,0.416666667,6.064572528,-3.379090608,21.4,116.6097561
E05000276,Northumberland Park,Haringey,187000,7.5,20.63519816,103.7139326,0.472972973,4.143690562,-0.445888786,30.4,79.59107807
E05000277,St Ann's,Haringey,290613,7.5,11.14358085,84.61578531,0.323624595,3.928440282,2.500730137,17.8,136.5998177
E05000278,Seven Sisters,Haringey,289625,7.4,10.14926168,85.36368092,0.244648318,4.675314995,3.554062352,19,128.1656347
E05000279,Stroud Green,Haringey,366144,7.5,5.506625425,91.23074611,0.414937759,4.588836728,-0.149805483,12.8,110.347032
E05000280,Tottenham Green,Haringey,236500,7.4,12.2274178,130.3731001,0.130718954,5.840286799,-1.718045961,23.7,110.8302719
E05000281,Tottenham Hale,Haringey,226378,7.4,11.5282033,100.3093075,0.246153846,4.655902226,2.897504989,23.4,88.64468864
E05000282,West Green,Haringey,285988,7.4,11.7155698,85.09717492,0.436363636,4.060917998,9.343841275,20.3,97.80400572
E05000283,White Hart Lane,Haringey,218750,7.5,14.31951163,92.78122039,1.094890511,3.304805762,1.969619973,23.7,80.68355922
E05000284,Woodside,Haringey,267988,7.5,8.915588061,70.51993095,0.598006645,4.673467955,6.385462931,17.4,100.8713137
E05000285,Belmont,Harrow,379613,7.5,2.857920614,53.55703269,0,1.963615278,-15.21924081,7.3,64.07532322
E05000286,Canons,Harrow,358619,7.5,3.075602245,48.63575153,0.153256705,2.667005222,5.087527726,9,24.32072456
E05000287,Edgware,Harrow,315438,7.5,4.425737779,71.27637573,0,2.891162147,-9.206985743,9.4,85.66024268
E05000288,Greenhill,Harrow,243250,7.4,5.119497494,91.71455396,0.389105058,4.564934808,-9.034228112,11.5,72.73039496
E05000289,Harrow on the Hill,Harrow,305313,7.4,3.517477652,58.06177509,0.158730159,3.147221753,-5.285569329,8.8,35.66713287
E05000290,Harrow Weald,Harrow,325250,7.4,4.730434399,64.21077662,0.775862069,2.778681546,-3.703288291,11.5,25.12094138
E05000291,Hatch End,Harrow,354506,7.4,2.188009125,50.21668465,0.368663594,2.263022192,-14.16072856,7.8,32.80097531
E05000292,Headstone North,Harrow,392244,7.4,2.378158073,54.88946722,0.194174757,2.708826764,-0.536389184,6.3,30.77996965
E05000293,Headstone South,Harrow,241000,7.4,3.707769023,52.63140552,0.262008734,3.113850529,-6.22782654,9.4,80
E05000294,Kenton East,Harrow,306250,7.5,3.764603137,47.59766674,0.263157895,2.540652591,-8.2579783,9.3,87.00234192
E05000295,Kenton West,Harrow,363738,7.5,3.01341824,52.1492056,0.263157895,2.925845966,-11.47703983,6.9,63.61473088
E05000296,Marlborough,Harrow,256456,7.4,6.136159407,66.05214542,0.472440945,3.845658991,-10.62327042,13.5,76.7800729
E05000297,Pinner,Harrow,368856,7.4,2.812165675,53.3180115,0.294117647,1.84071874,-12.72274993,8.3,31.39143731
E05000298,Pinner South,Harrow,453688,7.4,1.943265595,36.59918552,0.09478673,2.167433704,-5.313949981,6,44.80237994
E05000299,Queensbury,Harrow,324313,7.5,3.157386375,49.67264902,0,2.635566832,-9.910797161,8.7,75.04649721
E05000300,Rayners Lane,Harrow,329213,7.4,2.979742243,49.88837286,0.264317181,3.184149873,-10.17870236,6.6,73.0130719
E05000301,Roxbourne,Harrow,231956,7.4,5.337422566,62.2565433,0.459770115,3.031316182,-10.12800433,13.4,84.90039841
E05000302,Roxeth,Harrow,277438,7.4,4.911147441,82.7625344,0.168067227,3.007236754,-5.771284791,9.2,74.5177665
E05000303,Stanmore Park,Harrow,377875,7.5,2.996550765,57.57181395,0.526315789,2.077814937,-6.54826737,11.8,25.75179533
E05000304,Wealdstone,Harrow,254231,7.4,6.642343434,69.11724792,0,3.299880328,-22.25675329,15.2,96.95725063
E05000305,West Harrow,Harrow,334250,7.4,4.024942279,41.51597211,0.188679245,3.155451478,-7.256711481,9.6,69.64497041
E05000306,Brooklands,Havering,186017,7.9,4.876130395,62.2962251,0.249221184,2.898625877,-4.519054295,13.7,37.70292787
E05000307,Cranham,Havering,279375,7.7,2.600764332,37.0975916,0.317460317,2.292100108,5.198378117,6.3,19.41885296
E05000308,Elm Park,Havering,218938,7.7,5.1771248,62.41908083,0.238095238,2.616288162,6.551566691,11.8,34.75320425
E05000309,Emerson Park,Havering,331000,7.9,2.310842337,55.62580616,0.165975104,1.955693453,-11.58297697,6.8,26.17374434
E05000310,Gooshays,Havering,177374,7.7,8.838104703,96.97695205,2.126245847,2.592695705,12.92562817,20.2,19.32354078
E05000311,Hacton,Havering,261250,7.7,3.1470424,49.10046617,0.240963855,2.371508855,-5.06164177,7.7,50.19504267
E05000312,Harold Wood,Havering,220875,7.7,4.761064907,60.97129258,0.681818182,2.414052762,1.819233393,12,17.02080042
E05000313,Havering Park,Havering,216938,7.7,6.197307946,59.63706264,0.610687023,2.089254125,12.46040134,15.4,13.60645689
E05000314,Heaton,Havering,177874,7.7,8.91794096,83.90182593,1.627906977,2.110883841,-0.070149061,20.1,37.97071742
E05000315,Hylands,Havering,250000,7.9,3.155010405,69.51863736,0.534351145,2.091241864,-7.307919844,8,44.81392143
E05000316,Mawneys,Havering,220750,7.7,4.685423941,57.53633682,0.153256705,2.471992925,-2.906904446,11.4,43.28304362
E05000317,Pettits,Havering,265813,7.7,3.074659444,51.6678019,0.384615385,2.212654998,1.478281844,7.9,33.32405768
E05000318,Rainham and Wennington,Havering,198363,7.7,5.163066613,81.74859852,1.011673152,2.011107698,4.003294829,12,7.471005917
E05000319,Romford Town,Havering,208938,7.9,5.053625559,109.7435087,0.578034682,4.213802893,-14.22911808,12.5,57.81577111
E05000320,St Andrew's,Havering,244250,7.9,3.600360471,66.40928631,0.664206642,3.195094667,-9.970205724,9.1,49.99627838
E05000321,South Hornchurch,Havering,204875,7.7,7.188202787,77.48723953,1.129568106,2.484104296,8.268552012,15,20.30524317
E05000322,Squirrel's Heath,Havering,247500,7.9,3.851205794,58.23383763,0.524344569,2.595336258,-16.82524407,9.1,51.02040816
E05000323,Upminster,Havering,381250,7.7,1.574773073,52.53471805,0.926640927,1.935114074,2.544204448,4.7,5.771278956
E05000324,Barnhill,Hillingdon,247063,7.2,6.06834413,96.82868067,0.505415162,2.434321755,1.970377201,12.9,64.94100991
E05000325,Botwell,Hillingdon,220625,7.2,7.480642252,66.63242831,1.661341853,3.051085504,1.333929672,15.3,41.01555352
E05000326,Brunel,Hillingdon,245875,7.5,3.236414051,65.0217537,0.618556701,2.433045115,-1.599584731,11.9,42.18797681
E05000327,Cavendish,Hillingdon,318063,7.7,2.3297263,37.97177564,0.333333333,2.097360145,-6.006446476,6.8,59.41877794
E05000328,Charville,Hillingdon,243375,7.2,3.963724374,65.8003603,0.30651341,2.40016483,6.396167777,11,43.20551631
E05000329,Eastcote and East Ruislip,Hillingdon,435375,7.7,2.043326045,51.29605043,0.24,1.689111748,5.352521517,6.6,33.61754559
E05000330,Harefield,Hillingdon,253750,7.7,2.887052478,54.35503504,2.352941176,1.436150375,7.076187517,11.5,4.990147136
E05000331,Heathrow Villages,Hillingdon,209625,7.7,3.792597148,51.99870479,1.25,2.597284791,-3.366313743,11.8,5.407438895
E05000332,Hillingdon East,Hillingdon,255000,7.5,4.316559268,69.31478545,0.520446097,1.684993335,6.001546008,10.3,36.78631052
E05000333,Ickenham,Hillingdon,413625,7.7,1.470058082,40.86824283,0.560747664,2.073788251,6.510894991,5.5,17.07588207
E05000334,Manor,Hillingdon,298750,7.7,2.006346638,55.82140882,0.169491525,2.884329845,-5.640026164,6.5,59.5491388
E05000335,Northwood,Hillingdon,356000,7.7,2.441088089,50.50125443,0.093023256,2.237840912,7.051536419,7.4,14.51795841
E05000336,Northwood Hills,Hillingdon,370238,7.7,2.647678259,48.5621931,0.418410042,2.039146625,3.736855287,9.3,36.11778846
E05000337,Pinkwell,Hillingdon,243438,7.7,6.179865164,78.8050393,0.779220779,2.701244265,-2.946514631,12.6,56.16982507
E05000338,South Ruislip,Hillingdon,282875,7.7,3.473571386,49.28655315,0.703125,2.541890672,10.19798343,8.9,17.10160572
E05000339,Townfield,Hillingdon,235618,7.2,7.712428162,121.2722048,0.684931507,3.053254893,2.077510946,15.5,43.35620354
E05000340,Uxbridge North,Hillingdon,295500,7.5,2.829111193,76.20544156,0.472440945,2.351780294,0.842188119,8.7,27.53075761
E05000341,Uxbridge South,Hillingdon,221688,7.5,3.848055787,48.40178049,0.673400673,2.499629489,-5.993544212,11.3,45.66891242
E05000342,West Drayton,Hillingdon,244999,7.7,5.214705576,92.30332948,1.404682274,2.413534944,-9.370434873,16.8,44.48137536
E05000343,West Ruislip,Hillingdon,310406,7.7,1.874062099,71.80726621,0,2.159715153,3.647477006,7.9,25.74487472
E05000344,Yeading,Hillingdon,224938,7.2,5.857090393,100.3653838,0.498220641,1.914057828,2.090551765,13,60.59176672
E05000345,Yiewsley,Hillingdon,208750,7.7,5.062423714,79.35390889,1.549815498,2.549629449,-2.893945757,15.3,33.92225268
E05000346,Bedfont,Hounslow,218000,7.5,5.468657468,56.02658998,1.550387597,2.133183708,5.792239142,15.2,29.71441421
E05000347,Brentford,Hounslow,330875,7.7,3.995854953,63.46936659,0.789473684,3.222655244,6.040130361,15.3,46.9155946
E05000348,Chiswick Homefields,Hounslow,682563,7.7,2.162892627,78.42281631,0.692640693,3.616386789,10.40082613,6.8,51.66223404
E05000349,Chiswick Riverside,Hounslow,509056,7.7,2.663146037,96.52016199,0.170940171,2.837850714,3.72067967,9.2,57.31379145
E05000350,Cranford,Hounslow,248994,7.5,6.038015632,72.86809169,0.316205534,2.418231087,-2.095794611,14.5,47.86999633
E05000351,Feltham North,Hounslow,238375,7.5,4.492245952,54.35516586,0.338983051,2.920079368,5.200864594,14.7,34.571513
E05000352,Feltham West,Hounslow,206063,7.5,4.388279339,83.47039764,1.708860759,2.417947002,2.525409779,12.9,50.16970459
E05000353,Hanworth,Hounslow,225375,7.5,6.479160353,86.82624152,0.971659919,2.603634668,7.474133157,17.8,38.12057828
E05000354,Hanworth Park,Hounslow,222731,7.5,3.757242645,64.26020612,1.087866109,2.579932593,6.718369116,12.6,32.48558088
E05000355,Heston Central,Hounslow,257375,7.5,4.568314687,73.86025882,0.557768924,2.890607937,0.403560185,10.9,74.80712166
E05000356,Heston East,Hounslow,261125,7.5,4.402869415,64.3379832,0.476190476,2.323684122,6.135752463,10.6,63.08882236
E05000357,Heston West,Hounslow,243313,7.5,6.959933196,83.39253001,0.869565217,2.337025948,4.007230266,14,33.29503916
E05000358,Hounslow Central,Hounslow,243625,7.5,3.891027972,155.5197604,0.315457413,5.112394441,1.511001582,7.2,92.16013825
E05000359,Hounslow Heath,Hounslow,235700,7.5,5.624005603,80.79110982,0.662251656,3.213125381,3.599022582,11.6,54.15500538
E05000360,Hounslow South,Hounslow,325250,7.5,2.959362921,62.64854509,0.429184549,2.50567674,-4.844018248,7.7,65.91745678
E05000361,Hounslow West,Hounslow,235625,7.5,4.643552177,97.6539357,0.374531835,3.885946249,-4.798992171,10.8,84.17026527
E05000362,Isleworth,Hounslow,308716,7.5,4.518048087,70.91107031,0.24691358,2.393924203,1.419505093,14.9,60.64992614
E05000363,Osterley and Spring Grove,Hounslow,385938,7.5,2.923886057,50.22425171,0.37593985,2.757500138,8.847337329,7.3,21.3413287
E05000364,Syon,Hounslow,300188,7.7,4.104158724,67.97125828,0,3.640530808,6.583785302,13.6,48.91654979
E05000365,Turnham Green,Hounslow,465662,7.7,2.651227773,58.05206585,0.425531915,4.402014502,-1.573021071,9.2,66.81200453
E05000366,Barnsbury,Islington,486254,7.6,4.782933782,128.0035138,0.238095238,5.685089738,-7.660324741,13,153.313253
E05000367,Bunhill,Islington,578288,7.5,6.308920639,40.78081326,1.075949367,7.088896771,-12.76561121,14.2,145.224977
E05000368,Caledonian,Islington,446469,7.6,6.050057949,80.44879548,0.962199313,5.28472784,-9.70253339,17.7,125.8084359
E05000369,Canonbury,Islington,511875,7.5,6.46587186,116.2979267,0.24291498,6.478650931,1.669494853,19.3,154.5600991
E05000370,Clerkenwell,Islington,603467,7.5,5.10142749,51.76582281,0.166666667,6.89944884,-13.68870342,14.3,126.3101604
E05000371,Finsbury Park,Islington,317875,7.8,9.341740506,153.5233157,0.402684564,6.576376323,-1.43297224,20.6,169.4104803
E05000372,Highbury East,Islington,538168,7.8,4.447103989,120.5379282,0.168067227,4.661994675,1.79344485,12.3,125.2689243
E05000373,Highbury West,Islington,451474,7.8,5.856349961,70.64209657,0.253968254,5.684090974,0.661735931,16,146.1367837
E05000374,Hillrise,Islington,357363,7.4,7.361321613,92.31064079,0.495867769,4.208538839,3.397380969,20.4,151.1030303
E05000375,Holloway,Islington,371600,7.6,6.546292814,99.68758524,0.576923077,5.940178566,0.985193089,18.3,154.1526264
E05000376,Junction,Islington,385935,7.4,6.58385969,90.65469527,0.398406375,5.971951618,3.574008867,17.3,120.885214
E05000377,Mildmay,Islington,390000,7.8,6.824491201,124.6584491,0.150943396,6.073276427,-6.69506253,18.7,163.3414044
E05000378,St George's,Islington,388125,7.4,7.041914591,97.98896628,0.234375,4.545963363,0.286398611,17,151.3120567
E05000379,St Mary's,Islington,543313,7.6,5.209440374,158.076309,0.331950207,6.747755044,3.030745846,14.8,137.410817
E05000380,St Peter's,Islington,532375,7.5,5.519071502,113.1452569,0.637450199,5.327024752,-3.472337348,15.9,153.7901235
E05000381,Tollington,Islington,330375,7.4,7.607321366,107.7893978,0.732600733,4.52374797,4.078242629,19,163.3884298
E05000382,Abingdon,R B of Kensington and Chelsea,1214376,7.8,2.824485324,71.63374645,0.096618357,6.503208504,2.804442169,5.5,157.3449921
E05000383,Brompton,R B of Kensington and Chelsea,1607500,7.8,1.550420686,59.86978322,0,6.795763773,3.799660966,3.6,92.2513089
E05000384,Campden,R B of Kensington and Chelsea,1411250,7.8,1.312534439,82.98428737,0,6.827236603,7.94947343,3.5,90.07675439
E05000385,Colville,R B of Kensington and Chelsea,755891,7.8,6.124567354,177.2677056,0,5.37673982,6.104299749,15.5,209.6930946
E05000386,Courtfield,R B of Kensington and Chelsea,1148125,7.8,2.70077254,111.6512801,0,6.876839129,4.934016646,4.2,177.8838174
E05000388,Earl's Court,R B of Kensington and Chelsea,707625,7.8,4.965797271,120.8070876,0.217391304,7,-1.541177645,12.7,193.7254902
E05000389,Golborne,R B of Kensington and Chelsea,460375,7.8,11.89169486,102.5938776,0.216216216,4.469176968,12.56775084,24.1,91.57007376
E05000391,Holland,R B of Kensington and Chelsea,782188,7.8,2.821396555,75.04015775,0,5.96680763,9.010955114,6.1,93.01251203
E05000392,Norland,R B of Kensington and Chelsea,942875,7.8,4.985442331,78.71277353,0,5.408944237,7.29492379,11.3,118.0330124
E05000393,Notting Barns,R B of Kensington and Chelsea,428750,7.8,8.948495329,90.88792581,0.518134715,4.163633722,5.692911189,20.4,149.3258427
E05000394,Pembridge,R B of Kensington and Chelsea,947500,7.8,2.783154545,172.4913871,0.130718954,6.973113541,-0.045703664,5.4,153.9139344
E05000395,Queen's Gate,R B of Kensington and Chelsea,1404500,7.8,1.589626697,54.80905078,0.101010101,6.041269032,4.330430245,2,160.0495868
E05000396,Redcliffe,R B of Kensington and Chelsea,867500,7.8,2.77553339,103.5368005,0,6.169674176,8.871265334,6.7,132.8530259
E05000397,Royal Hospital,R B of Kensington and Chelsea,1416250,7.8,1.912365354,94.58994344,0,5.017384681,14.91446995,5.1,79.90011099
E05000398,St Charles,R B of Kensington and Chelsea,712250,7.8,8.891837082,102.368676,0.211640212,3.77356742,9.224513826,21.4,127.842031
E05000399,Stanley,R B of Kensington and Chelsea,908750,7.8,2.121977946,51.10515945,0,5.6179754,1.503571203,4.8,120.9502262
E05000400,Alexandra,R B of Kingston upon Thames,371875,7.5,2.120202042,43.85676419,0.209424084,2.245380512,-5.78385893,5.8,35.92080687
E05000401,Berrylands,R B of Kingston upon Thames,313313,7.5,2.322987568,36.20440862,0.206185567,2.775175369,-2.982211679,7.2,67.88567493
E05000402,Beverley,R B of Kingston upon Thames,367790,7.5,2.862673113,67.80059759,0.483091787,2.83761721,1.837611291,7.4,56.04255319
E05000403,Canbury,R B of Kingston upon Thames,399594,7.5,1.791467481,48.67675929,0,4.056027473,-4.963661029,6.3,107.1313457
E05000404,Chessington North and Hook,R B of Kingston upon Thames,260875,7.5,2.608872947,49.55709658,0.223463687,2.398093819,-1.86694881,8.2,46.66666667
E05000405,Chessington South,R B of Kingston upon Thames,247181,7.5,2.118202627,47.12741171,0.19138756,2.358923035,15.70188088,7.5,14.18829449
E05000406,Coombe Hill,R B of Kingston upon Thames,568375,7.5,2.379680451,40.69063669,0.187793427,2.492106142,3.866307856,5,24.20861678
E05000407,Coombe Vale,R B of Kingston upon Thames,426125,7.5,1.963575776,30.05874953,0.201005025,2.331300275,-5.089297638,5.2,60.93503339
E05000408,Grove,R B of Kingston upon Thames,330175,7.5,2.073621651,118.3616447,0.779220779,4.211964993,0.143171301,8.2,59.98958333
E05000409,Norbiton,R B of Kingston upon Thames,299250,7.5,4.794419839,62.23685376,0.38277512,3.606097586,3.457952284,11.2,78.37537092
E05000410,Old Malden,R B of Kingston upon Thames,349125,7.5,2.101230416,40.23595602,0.104166667,2.730943326,-0.516394216,6.6,54.38227147
E05000411,St James,R B of Kingston upon Thames,371750,7.5,2.407537817,38.70304592,0.655737705,2.645415351,-1.74035571,6.7,42.87032764
E05000412,St Mark's,R B of Kingston upon Thames,331106,7.5,2.871897951,72.58985956,0.276497696,3.697553408,-0.770900747,4.8,79.0625
E05000413,Surbiton Hill,R B of Kingston upon Thames,307625,7.5,1.748927385,36.17410903,0.37037037,3.279986802,-10.37669558,5.3,65.39663462
E05000414,Tolworth and Hook Rise,R B of Kingston upon Thames,291243,7.5,2.562843059,46.41340578,0.388349515,2.257367878,-10.65784253,7.2,39.36801541
E05000415,Tudor,R B of Kingston upon Thames,479509,7.5,1.924670214,36.19052692,0.205128205,2.286320211,2.078223854,5.7,62.71004422
E05000416,Bishop's,Lambeth,469375,7.7,6.63834233,58.1840465,0,7.584362548,-2.8230196,11.7,64.26336375
E05000417,Brixton Hill,Lambeth,330375,7.6,7.746762121,116.7352146,0.487804878,4.889082904,1.66686603,14.3,144.1009743
E05000418,Clapham Common,Lambeth,497250,7.6,3.755916194,128.7621336,0.601503759,4.098256637,-2.359070858,9.8,99.60536113
E05000419,Clapham Town,Lambeth,440625,7.6,5.012980523,202.7335571,0.553633218,5.065019674,-2.0957608,11.1,129.0446429
E05000420,Coldharbour,Lambeth,320375,7.6,14.76615945,189.5945049,0.52173913,5.442072324,-6.484952287,19.5,142.1771523
E05000421,Ferndale,Lambeth,369698,7.6,6.646938464,208.5654273,0.503144654,6.274674117,-2.725119644,12.6,189.8475967
E05000422,Gipsy Hill,Lambeth,277250,7.7,7.762952343,103.9715252,0.217391304,3.703711979,4.51072555,17.7,91.13375796
E05000423,Herne Hill,Lambeth,358559,7.6,8.150851408,84.25646377,0.25974026,4.527890261,-2.686755077,14.6,77.87893701
E05000424,Knight's Hill,Lambeth,273875,7.7,8.703568909,101.0030971,0.133333333,4.068327979,-3.547866729,17.7,103.7338764
E05000425,Larkhall,Lambeth,352750,7.7,7.1224705,145.0345453,0.337078652,5.189164651,2.372468176,14.6,170.4060434
E05000426,Oval,Lambeth,422500,7.7,5.965512884,126.953622,0.125,6.869970965,-0.931410279,13,122.4941176
E05000427,Prince's,Lambeth,453813,7.7,8.867582916,106.8038937,0.134228188,6.302998416,-9.260124703,16.4,126.5576592
E05000428,St Leonard's,Lambeth,267286,7.7,7.19055796,133.5293572,0.201342282,5.890588864,-1.017291762,13.7,104.2719117
E05000429,Stockwell,Lambeth,283017,7.7,8.886375429,117.0526684,0.331125828,5.356599485,2.806911553,15.5,174.7295742
E05000430,Streatham Hill,Lambeth,299675,7.7,6.227834306,118.1652961,0.338983051,5.256715337,-3.196623157,12.1,117.2584446
E05000431,Streatham South,Lambeth,277988,7.7,7.368864436,87.43362389,0.342465753,4.052578119,2.046619172,14,85.87750294
E05000432,Streatham Wells,Lambeth,253738,7.7,5.785823938,90.18946651,0.132450331,4.44762756,-3.886665998,12.8,107.3880083
E05000433,Thornton,Lambeth,457862,7.7,5.742886532,83.46202266,0.07518797,3.544981083,-3.403642012,11.9,124.5337027
E05000434,Thurlow Park,Lambeth,326688,7.7,5.698021018,104.7627855,0.290909091,5.027070009,-6.029051676,13.1,92.62046205
E05000435,Tulse Hill,Lambeth,314625,7.6,10.64327989,122.7696238,0.310559006,4.363247102,-0.172908953,17.3,156.0155491
E05000436,Vassall,Lambeth,331250,7.7,11.14527215,121.4715807,0.267558528,4.402768995,-4.312172393,19,128.4676705
E05000437,Bellingham,Lewisham,210375,7.7,9.072895148,97.5799783,0.465116279,3.034524929,5.789182217,20.6,50.5089141
E05000438,Blackheath,Lewisham,322960,7.7,4.619836931,90.61884155,0.273972603,4.902384741,2.126262487,10.7,63.99913532
E05000439,Brockley,Lewisham,257500,7.7,8.321075335,118.9360324,0.444444444,5.84808192,-6.263707194,12.9,105.7651246
E05000440,Catford South,Lewisham,266000,7.7,6.473057189,60.38810498,0.064516129,3.269393358,-13.51722029,13.4,82.81049251
E05000441,Crofton Park,Lewisham,327606,7.7,6.119623395,74.40176491,0.726072607,4.066474619,-7.68514226,11.9,88.21034282
E05000442,Downham,Lewisham,193250,7.7,9.909578763,102.9224784,0.405405405,3.277780612,5.988279669,21.7,61.99665132
E05000443,Evelyn,Lewisham,254250,7.7,9.701077109,94.77560621,0.282485876,3.13557276,-5.149298171,18.8,99.5264938
E05000444,Forest Hill,Lewisham,282625,7.7,7.458998574,106.4412441,0.331125828,3.987772147,-3.916602936,14.7,84.46389497
E05000445,Grove Park,Lewisham,233749,7.7,6.932801469,72.83090413,0.535117057,3.191178568,-6.255014625,15.3,62.62959866
E05000446,Ladywell,Lewisham,288594,7.7,5.869418293,85.67591192,0.267558528,4.492639113,0.296712741,11.8,91.92666252
E05000447,Lee Green,Lewisham,302000,7.7,5.977351541,81.69193703,0.471380471,3.629080169,-3.575918279,12.7,82.90215589
E05000448,Lewisham Central,Lewisham,233375,7.7,8.035452709,123.9794179,0.316622691,5.164685622,-0.523358527,17.2,95.20914397
E05000449,New Cross,Lewisham,197000,7.7,9.677930249,134.6658732,0.773809524,4.440766797,-7.339393237,15,90.61089708
E05000450,Perry Vale,Lewisham,259238,7.7,7.041615212,85.72195624,0.441640379,3.422797256,-14.52700758,15,95.27315914
E05000451,Rushey Green,Lewisham,223869,7.7,9.026383109,113.2653543,0.443037975,5.151440298,2.270723059,20.2,87.82144862
E05000452,Sydenham,Lewisham,251213,7.7,8.008228505,92.34828616,0.438871473,4.107142223,-0.170818216,16.1,92.41260745
E05000453,Telegraph Hill,Lewisham,272000,7.7,8.484976265,82.42384005,0.294985251,5.211159278,-11.71774568,15.5,109.0090674
E05000454,Whitefoot,Lewisham,228244,7.7,8.767178373,98.88827308,0.272108844,2.800672265,1.293948836,18.9,65.40017986
E05000455,Abbey,Merton,407500,7.5,1.891707925,61.95410609,0.380952381,5.130228475,-0.812536297,6.7,75.36970567
E05000456,Cannon Hill,Merton,364500,7.6,2.91318962,55.71346457,0.319148936,2.564776351,6.711682978,6.3,42.0323741
E05000457,Colliers Wood,Merton,255744,7.7,3.370088284,105.6036951,0.452488688,3.936153703,1.211627476,7.4,97.67776778
E05000458,Cricket Green,Merton,225619,7.7,10.08157763,56.71738401,0.683760684,2.915037544,8.602518034,15.2,38.64197531
E05000459,Dundonald,Merton,455688,7.5,1.14628676,67.79568404,0.210526316,4.906964973,-2.173739144,3,82.27628149
E05000460,Figge's Marsh,Merton,213123,7.7,9.028028938,105.5322044,0.52173913,3.626706188,2.281905055,13.2,102.055993
E05000461,Graveney,Merton,281875,7.7,6.540650099,75.13934401,0.1,3.395726426,-2.426212749,8.6,112.4095023
E05000462,Hillside,Merton,472738,7.5,1.249657972,35.64847626,0.109289617,5.36580487,-8.561022839,3.5,77.41554054
E05000463,Lavender Fields,Merton,231500,7.7,5.633309188,76.59561317,0.19047619,2.667391119,-1.138848954,10.6,89.61864407
E05000464,Longthornton,Merton,252050,7.7,5.731719169,82.58589714,0.289855072,2.802161471,2.578642746,10.5,70.64821067
E05000465,Lower Morden,Merton,275125,7.6,3.099893501,41.09477124,0.322580645,2.229175628,2.785832548,7.2,50.1659292
E05000466,Merton Park,Merton,416000,7.6,2.459002376,57.97041934,0.414507772,3.849135648,0.988373457,4.6,52.68024216
E05000467,Pollards Hill,Merton,228938,7.7,8.048774699,88.36242795,1.41509434,2.591297286,9.588626424,14.5,48.99953682
E05000468,Ravensbury,Merton,238988,7.6,6.56818756,70.52594618,0.295566502,2.946225212,10.4387775,13.8,54.68443961
E05000469,Raynes Park,Merton,455500,7.6,1.746331655,55.43231469,0.202020202,3.816306949,0.877615688,5.8,53.68051808
E05000470,St Helier,Merton,228438,7.6,6.065771296,60.29143231,0.283018868,3.122604899,8.00973294,13.4,58.45819761
E05000471,Trinity,Merton,389500,7.5,2.642683759,87.56859065,0.502512563,3.949664335,5.266267173,6.6,93.27746741
E05000472,Village,Merton,1124375,7.5,0.895163881,48.74995055,0,2.374633904,9.944499084,2.5,13.70858797
E05000473,West Barnes,Merton,368119,7.6,2.499556457,64.09338163,0.298507463,2.931837021,-0.205179166,5.3,53.50589441
E05000474,Wimbledon Park,Merton,557813,7.5,1.888535617,53.71525698,0.175438596,3.059587454,1.18657337,5.5,49.48695652
E05000475,Beckton,Newham,219563,8.2,6.068227904,82.56043044,1.308411215,2.837551256,-1.252503146,18.2,24.56042199
E05000476,Boleyn,Newham,223000,8,9.274742321,94.51583792,1.415384615,4.048816481,-4.139275235,17.8,180.0436681
E05000477,Canning Town North,Newham,224731,8.2,14.24668158,90.76990282,1.708860759,4.728624077,-1.364225892,26.5,63.98335315
E05000478,Canning Town South,Newham,216750,8.2,8.654752236,98.37911709,0.87431694,3.571637795,-9.423823624,23.9,91.41441937
E05000479,Custom House,Newham,221250,8.2,8.995931691,148.9048682,1.408450704,3.151111489,3.457916956,24.3,66.98012603
E05000480,East Ham Central,Newham,209750,8,8.343573051,111.8068331,1.055900621,4.729915556,-4.978817407,16.6,157.6708373
E05000481,East Ham North,Newham,240313,8,9.091229271,71.04317779,0.777385159,4.390349781,-1.129948518,17.9,156.5929204
E05000482,East Ham South,Newham,201500,8,9.631513302,82.78898076,1.003134796,2.625467088,1.902016853,19.9,88.67549669
E05000483,Forest Gate North,Newham,241875,7.6,8.672481672,94.88208036,0.666666667,3.245162655,-2.057816834,17.1,132.5521669
E05000484,Forest Gate South,Newham,248999,7.6,9.767303769,103.0664159,1.400560224,3.909471919,-9.311386878,18.6,149.5134228
E05000485,Green Street East,Newham,229125,8,9.378838677,75.78160695,0.619195046,3.694448135,-6.632142454,14.8,222.2880215
E05000486,Green Street West,Newham,215438,8,9.742756373,77.29709902,0.716612378,3.971484402,-9.867840799,15.1,193.826087
E05000487,Little Ilford,Newham,194688,8,11.77993758,85.11812719,0.650887574,2.691745305,10.95042304,22.3,90.8583465
E05000488,Manor Park,Newham,206063,8,10.74555246,79.60860439,0.967741935,4.013415552,-0.025536531,18.8,115.962963
E05000489,Plaistow North,Newham,223869,8,11.03140572,84.13374031,1.082802548,4.382404556,-6.086321841,20.2,163.3333333
E05000490,Plaistow South,Newham,198750,8,10.54618987,87.04163466,0.598802395,4.435108608,-3.097378723,20.6,121.4935065
E05000491,Royal Docks,Newham,267625,8.2,5.540729179,69.40724278,0.583941606,2.825588221,-2.68273435,19.2,24.7485917
E05000492,Stratford and New Town,Newham,248685,7.6,6.959700759,197.9914149,1.428571429,5.822862714,6.759561397,18,45.17819212
E05000493,Wall End,Newham,210000,8,8.056389475,66.40494827,0.531561462,3.741338379,-1.134755767,15.6,111.4430747
E05000494,West Ham,Newham,238198,7.6,10.38308271,81.29098321,1.128526646,4.723200889,6.057585444,19.9,120.1872659
E05000495,Aldborough,Redbridge,247738,7.8,5.087544799,83.89258229,0.261437908,2.666337615,6.830512154,10.4,17.28982815
E05000496,Barkingside,Redbridge,329750,7.8,4.010914528,72.510788,0.230769231,3.200624798,-6.570807631,8.3,85.26522593
E05000497,Bridge,Redbridge,287875,7.8,4.309092521,77.18467033,0.168776371,2.455133196,3.257062455,10.9,46.36293137
E05000498,Chadwell,Redbridge,244875,7.8,6.220656746,87.28235696,0.410958904,2.443995208,-13.72395715,12.9,99.57067371
E05000499,Church End,Redbridge,302313,7.8,3.496508464,84.42593969,0.169491525,2.749742798,-8.172333993,6.8,79.75871314
E05000500,Clayhall,Redbridge,347950,7.8,3.702122965,54.11909842,0.222222222,2.326354805,4.709087251,7.9,54.058611
E05000501,Clementswood,Redbridge,206000,7.8,9.328340892,119.5885461,0.820189274,3.362591529,-14.45920686,14.9,125.9323367
E05000502,Cranbrook,Redbridge,339875,7.8,4.870005072,84.44695915,0.229007634,3.766081085,6.700272046,9.6,54.50124688
E05000503,Fairlop,Redbridge,261750,7.8,5.159882547,80.85759888,0.544747082,2.815146142,8.139359215,11,36.17417919
E05000504,Fullwell,Redbridge,271000,7.8,5.679869937,77.200657,0.229007634,2.351797678,4.107732144,12.4,60.35697941
E05000505,Goodmayes,Redbridge,233499,7.8,8.044928445,81.46416442,0.45112782,3.666394695,-10.3467833,14.7,82.22087379
E05000506,Hainault,Redbridge,221875,7.8,7.997071523,61.88025341,0.823970037,2.355154019,9.400330821,17.8,23.50584899
E05000507,Loxford,Redbridge,207000,7.8,10.76085951,97.02776242,0.523255814,3.368756995,-0.515659197,15.4,133.1934732
E05000508,Mayfield,Redbridge,258500,7.8,6.853534653,77.34638102,0.431654676,2.721062085,-1.868114357,11.2,74.92569002
E05000509,Monkhams,Redbridge,407594,7.8,1.94791393,52.33375175,0.377358491,2.571455602,1.76778758,5.8,34.71869919
E05000510,Newbury,Redbridge,271250,7.8,6.103524023,64.36982728,0.174418605,3.126095294,-4.845422758,11.4,81.47378366
E05000511,Roding,Redbridge,307513,7.8,4.811082193,74.31937195,0.4048583,2.480948565,5.396222974,9.4,52.30802048
E05000512,Seven Kings,Redbridge,251250,7.8,7.464993194,86.9397702,0.617283951,3.112965577,-0.020182739,13.8,75.39385207
E05000513,Snaresbrook,Redbridge,287494,7.8,3.061242143,73.66315108,0.331950207,3.619940558,-2.877326972,6.9,61.34441088
E05000514,Valentines,Redbridge,247813,7.8,8.663798054,109.83895,0.750853242,4.536445816,-6.484044899,14.1,98.14913449
E05000515,Wanstead,Redbridge,453375,7.8,2.988123938,111.9059792,0.256410256,2.498072591,12.17112288,7.3,22.90303963
E05000516,Barnes,Richmond upon Thames,946875,7.6,2.176964429,69.37221642,0.09569378,3.350519583,11.14883818,5.8,34.45847176
E05000517,East Sheen,Richmond upon Thames,751125,7.6,1.442123021,57.5656722,0,2.584795157,14.80292228,4,18.3033419
E05000518,Fulwell and Hampton Hill,Richmond upon Thames,480750,7.5,2.035175715,47.24650175,0.390243902,3.184227239,-1.000300884,6.1,54.11366006
E05000519,"Ham, Petersham and Richmond Riverside",Richmond upon Thames,436250,7.6,3.364787218,55.80784734,0.857142857,2.080802741,17.50747618,8.9,11.16980733
E05000520,Hampton,Richmond upon Thames,395600,7.5,1.820203335,55.76041386,0.098522167,2.653442346,16.09859024,6.6,14.80442053
E05000521,Hampton North,Richmond upon Thames,310500,7.5,2.846035267,66.10853291,0.523560209,2.149780121,2.13885124,11.9,48.84615385
E05000522,Hampton Wick,Richmond upon Thames,410500,7.5,1.555184069,61.63037175,0.09569378,2.748746515,7.458631805,6.9,37.76402039
E05000523,Heathfield,Richmond upon Thames,327125,7.5,3.498028618,62.95389349,0.476190476,2.016733772,1.692385363,10.7,54.94769874
E05000524,Kew,Richmond upon Thames,563750,7.6,1.540800602,63.9148917,0.086206897,2.856515913,10.15392653,5.3,32.44475524
E05000525,Mortlake and Barnes Common,Richmond upon Thames,585589,7.6,2.276857761,78.4691412,0.181818182,3.005570439,5.383853793,6.7,58.04437564
E05000526,North Richmond,Richmond upon Thames,476269,7.6,2.042534892,67.05519026,0,4.399681503,6.629337644,6.3,39.98571429
E05000527,St Margarets and North Twickenham,Richmond upon Thames,553125,7.5,1.490081751,60.95428542,0.434782609,3.144794546,2.620842079,4.3,57.5224327
E05000528,South Richmond,Richmond upon Thames,532138,7.6,1.919732305,80.28061246,0.272727273,4.155345793,5.916319556,5,41.11441308
E05000529,South Twickenham,Richmond upon Thames,458313,7.5,1.33747834,48.72671335,0.199004975,3.546475281,0.119277183,4.9,59.02721482
E05000530,Teddington,Richmond upon Thames,454450,7.5,1.713065512,40.60718679,0.285714286,3.230811333,7.8829996,5.2,24.5018622
E05000531,Twickenham Riverside,Richmond upon Thames,431750,7.5,1.349126995,66.13388857,0.18957346,4.546233041,4.114016395,3.9,54.18960245
E05000532,West Twickenham,Richmond upon Thames,380688,7.5,1.875591502,62.34522102,0.187793427,2.736193855,8.12333557,6.8,44.11644951
E05000533,Whitton,Richmond upon Thames,347375,7.5,2.647067294,58.82927335,0.100502513,2.447961063,-2.783286252,7.5,61.3801602
E05000534,Brunswick Park,Southwark,322813,7.7,10.26304062,96.84289302,0.52238806,4.134815306,-10.18095847,14.6,143.8823529
E05000535,Camberwell Green,Southwark,250996,7.7,11.66925658,118.0151411,0.193548387,5.605164195,-6.964656906,17,159.6820513
E05000536,Cathedrals,Southwark,528125,7.7,7.123852822,46.27456386,0.369230769,7.967475711,-13.03894634,12.9,87.32274532
E05000537,Chaucer,Southwark,361625,7.7,6.380934688,92.86628032,0.949367089,7.222723881,-12.06657621,10.4,189.9149453
E05000538,College,Southwark,272500,7.7,6.164610795,107.1204163,0.337552743,3.403230489,2.207437594,12.3,37.80148423
E05000539,East Dulwich,Southwark,445244,7.7,4.615070934,93.25987705,0,4.106167884,-10.05139756,8.9,125.2993131
E05000540,East Walworth,Southwark,245000,7.7,7.518144588,208.2067348,0.784313725,5.837957748,-2.237109995,16.6,104.9300699
E05000541,Faraday,Southwark,290625,7.7,10.58989654,112.2543857,1.698841699,4.656226401,0.236389474,14.8,154.1733181
E05000542,Grange,Southwark,375125,8,7.638281481,90.38106894,0.542168675,5.088521809,-14.99487426,13.5,134.5062241
E05000543,Livesey,Southwark,258438,7.6,12.89330984,100.8871423,0.962199313,4.341893724,-12.23093307,20.4,101.3300836
E05000544,Newington,Southwark,319625,7.7,7.739116135,125.7128646,0.268456376,5.764258769,-7.278948787,16,175.4807692
E05000545,Nunhead,Southwark,328369,7.6,11.58861186,98.11688295,0.654545455,4.822169619,-8.724617087,22.2,107.677761
E05000546,Peckham,Southwark,216875,7.6,14.33668734,114.1676041,0.598006645,4.064875677,-8.738384494,20.4,173.440367
E05000547,Peckham Rye,Southwark,333936,7.6,5.845074121,93.60648013,0.074074074,3.455193884,5.341056981,12.7,62.69418553
E05000548,Riverside,Southwark,493106,8,4.944677712,54.13763984,0.257234727,4.39262928,-8.314117983,11.2,112.3273273
E05000549,Rotherhithe,Southwark,360000,8,6.017856759,144.1346697,0.553633218,5.256955871,4.794381367,14.7,99.269437
E05000550,South Bermondsey,Southwark,227500,8,8.718100946,118.3124135,0.282685512,3.651928246,-9.502063526,17.2,146.2281603
E05000551,South Camberwell,Southwark,325625,7.7,6.821338652,86.51118656,0.463320463,4.623749141,-12.35921923,11.4,97.16003005
E05000552,Surrey Docks,Southwark,345875,8,3.535773464,103.7187653,0.275862069,2.871789086,-4.829443711,7.4,73.135192
E05000553,The Lane,Southwark,335406,7.6,9.768530435,149.7945662,0.564263323,5.981285881,-5.578340184,15.8,116.352518
E05000554,Village,Southwark,783398,7.7,2.839364076,88.26217757,0.240963855,4.118503148,0.689226973,7.2,45.52008608
E05000555,Beddington North,Sutton,253306,7.8,3.588970764,51.93401168,1.142857143,2.63480019,9.594555236,8.1,21.15261044
E05000556,Beddington South,Sutton,339813,7.8,6.103891846,82.24895845,0.921658986,2.002109915,2.393000647,15.2,35.64194708
E05000557,Belmont,Sutton,246250,7.8,2.774284853,32.28989451,0.67961165,2.277272675,-12.32759287,8,43.98373984
E05000558,Carshalton Central,Sutton,282875,7.8,3.155529941,62.92897933,0.582524272,3.279862235,-1.370651565,8,51.62802171
E05000559,Carshalton South and Clockhouse,Sutton,356078,7.8,2.883680323,48.09570122,0.298507463,2.12311451,7.090620268,7.2,14.02069161
E05000560,Cheam,Sutton,377125,7.8,1.887907355,38.88172241,0.666666667,2.166827199,-4.077174687,4.9,26.62519045
E05000561,Nonsuch,Sutton,353231,7.8,1.811378872,54.61441935,0.733944954,2.289206823,-1.651619816,5.7,56.6841553
E05000562,St Helier,Sutton,209619,7.8,7.58657138,63.80676114,0.573770492,2.898644476,0.941558008,15.5,80.80666667
E05000563,Stonecot,Sutton,277563,7.8,2.807785219,53.41952599,0.639269406,2.454452444,-2.080119775,6.6,55.09338718
E05000564,Sutton Central,Sutton,213438,7.8,5.540397352,97.71875595,0.881057269,4.862367598,-11.69482306,13,87.49618321
E05000565,Sutton North,Sutton,247488,7.8,3.458822011,64.45224853,0.568720379,3.336530125,-7.067674017,8.6,57.328
E05000566,Sutton South,Sutton,201500,7.8,3.713769481,46.86493791,0.303030303,3.269863939,-18.4802808,8.3,77.71226415
E05000567,Sutton West,Sutton,241125,7.8,2.360625842,45.60097285,0,3.532778662,-0.43272261,6.4,61.14671164
E05000568,The Wrythe,Sutton,223688,7.8,4.125229434,72.37248208,0.28708134,2.638672548,-5.461920608,10.1,71.32928475
E05000569,Wallington North,Sutton,246000,7.8,3.212779117,80.55232191,0.829493088,3.469860774,-2.45297528,10.3,70.3030303
E05000570,Wallington South,Sutton,223994,7.8,4.436353314,67.06574512,0.666666667,3.359194534,-6.063832264,10.6,61.47760326
E05000571,Wandle Valley,Sutton,203746,7.8,6.41837186,71.70948075,1.576763485,2.390583824,6.905470026,15.7,59.22141119
E05000572,Worcester Park,Sutton,268844,7.8,2.26387786,42.99642054,0.168067227,2.37827005,-0.656471249,7.7,62.60091978
E05000573,Bethnal Green,Tower Hamlets,283750,7.8,11.4423403,134.369093,1.54145871,6.39082808,4.53971685,16.7,170.71351
E05000575,Blackwall and Cubitt Town,Tower Hamlets,363750,8.4,6.495813189,43.32752702,0.930232558,3.783202429,3.021432119,12.7,73.9231547
E05000576,Bow East,Tower Hamlets,292525,7.7,9.895099141,123.166593,1.042345277,3.647679092,2.770223554,18.5,85.30678149
E05000577,Bow West,Tower Hamlets,354374,7.7,8.425567924,151.092262,2.611940299,5.183940262,6.283399922,14.1,99.53229399
E05000578,Bromley-by-Bow,Tower Hamlets,253825,7.7,14.94753767,96.35301515,1.224489796,4.23848798,-1.066959544,22.4,159.1061453
E05000580,Limehouse,Tower Hamlets,413813,8.4,11.0532912,93.17593748,1.987951807,4.965510938,3.433099831,20.4,157.5394046
E05000581,Mile End and Globe Town,Tower Hamlets,265706,7.75,11.1313499,86.8039105,1.61753145,5.34927076,0.84179738,16.5,158.67648
E05000584,St Dunstan's and Stepney Green,Tower Hamlets,263750,8.1,11.59694863,83.44037392,1.850746269,5.358643656,5.852002328,19.9,169.7642436
E05000585,St Katharine's and Wapping,Tower Hamlets,408438,8.1,4.218293953,57.71922623,0.153256705,4.416186374,-2.054179494,11.1,87.35059761
E05000586,Shadwell,Tower Hamlets,431125,8.1,14.40089744,102.9410124,1.282051282,6.04794628,-3.870073951,15.6,162.8764278
E05000587,Spitalfields and Banglatown,Tower Hamlets,304563,7.8,10.79243673,82.82155618,0.446428571,6.879164858,-13.6818268,16.7,164.8746082
E05000588,Weavers,Tower Hamlets,371875,7.8,11.53961756,174.1413201,0.49122807,5.495233652,6.426902134,18.4,179.0115533
E05000589,Whitechapel,Tower Hamlets,361749,8.1,9.217854776,67.94817657,0.923076923,6.840616045,-9.233946311,14.7,175.5664488
E05000590,Cann Hall,Waltham Forest,233063,7.7,10.25913948,82.9964548,0.706713781,2.915787316,0.682001315,15.7,162.127907
E05000591,Cathall,Waltham Forest,228000,7.7,12.92042891,87.24004848,0.458015267,4.34953355,4.181215046,19.4,123.0085147
E05000592,Chapel End,Waltham Forest,252625,7.8,7.992903135,82.55967186,0.555555556,2.926598233,5.338051624,12.5,79.2888165
E05000593,Chingford Green,Waltham Forest,268250,7.8,4.779818297,84.00980742,0.380952381,2.794992927,8.200276993,11.8,28.50321888
E05000594,Endlebury,Waltham Forest,287288,7.8,4.652043155,80.66773181,0.272727273,2.350996726,3.218887976,13.5,55.67636549
E05000595,Forest,Waltham Forest,274954,7.7,7.131374014,85.59729058,0.384615385,4.348486459,6.590406285,14.3,64.26700252
E05000596,Grove Green,Waltham Forest,229874,7.7,7.144995363,92.65305575,0.066445183,4.247435047,-5.121114526,11.7,168.4521158
E05000597,Hale End and Highams Park,Waltham Forest,283250,7.8,6.620021748,77.70670847,0.084388186,2.548120642,4.956683422,13.8,50.69361702
E05000598,Hatch Lane,Waltham Forest,259063,7.8,6.538213786,81.51966664,0.796460177,2.50476746,3.301449037,17.2,46.75765095
E05000599,High Street,Waltham Forest,238525,7.8,8.141368294,188.6457805,0.824742268,4.367763144,18.30853399,14.7,47.97778504
E05000600,Higham Hill,Waltham Forest,238750,7.8,11.28277656,71.0618701,0.581818182,2.612611721,10.92905226,20.5,43.06021105
E05000601,Hoe Street,Waltham Forest,273926,7.8,11.61701047,126.5523571,0.6271777,5.190927947,0.67873373,19,132.0692799
E05000602,Larkswood,Waltham Forest,272188,7.8,6.394137343,78.01403484,0.936170213,2.845489469,8.537365029,16,55.3020783
E05000603,Lea Bridge,Waltham Forest,215000,7.7,11.67594017,99.47918651,0.5,3.632291367,12.37452608,17.6,61.47826087
E05000604,Leyton,Waltham Forest,227250,7.7,12.47360975,96.95636131,0.546075085,3.830592018,8.253308344,18.6,73.73772102
E05000605,Leytonstone,Waltham Forest,270188,7.7,7.287610259,116.8892009,0.226415094,5.478237733,-2.960854334,13.4,99.97709924
E05000606,Markhouse,Waltham Forest,252563,7.8,11.28529317,107.8314359,0.620689655,4.189428159,7.809717686,18,96.16918845
E05000607,Valley,Waltham Forest,251375,7.8,7.824773429,142.0708765,0.854700855,2.424145588,-0.412058709,16.2,59.07622413
E05000608,William Morris,Waltham Forest,249000,7.8,8.962757815,70.3682826,0.221402214,3.478661139,-0.087984227,15.5,138.4284284
E05000609,Wood Street,Waltham Forest,304031,7.8,9.712039104,96.99027605,0.144927536,3.664231539,1.719814836,18.3,75.28455285
E05000610,Balham,Wandsworth,522500,7.5,2.280118633,117.6762472,0.200668896,4.735192927,-6.922036738,6.3,123.8493377
E05000611,Bedford,Wandsworth,389500,7.6,2.796522372,124.4336322,0.201342282,4.126436737,2.475004364,8.3,80.18292683
E05000612,Earlsfield,Wandsworth,429744,7.6,3.016751987,70.1255213,0.19047619,3.904160046,1.266341902,9.1,114.7696669
E05000613,East Putney,Wandsworth,425975,8,2.13719272,61.42785414,0.129449838,4.117171013,-7.137064772,5.7,97.71908017
E05000614,Fairfield,Wandsworth,436750,8,2.431437811,98.02007711,0,5.493040577,-6.493332153,6.8,101.1821306
E05000615,Furzedown,Wandsworth,296988,7.6,6.364744371,69.14581471,0.127388535,3.189730949,-4.774288544,13.3,109.9646143
E05000616,Graveney,Wandsworth,329113,7.6,5.048732104,124.069379,0,5.174221069,-9.413818955,12.9,153.2043651
E05000617,Latchmere,Wandsworth,364500,7.5,7.868352565,110.3547402,0.636942675,5.922861425,-1.583746412,18.2,141.3640553
E05000618,Nightingale,Wandsworth,508813,7.6,2.727235502,99.84331597,0.27027027,5.403948608,-7.541946034,7.7,120.0812348
E05000619,Northcote,Wandsworth,617625,7.5,2.310403553,137.2047637,0.066006601,5.279557728,-0.441574482,4.8,90.83978559
E05000620,Queenstown,Wandsworth,440883,7.5,4.690792027,71.63814361,0.546448087,4.388593231,2.452303626,13,51.36533666
E05000621,Roehampton,Wandsworth,225086,8,7.834090708,65.91061572,0.350877193,2.816104695,10.33930065,18,35.6283906
E05000622,St Mary's Park,Wandsworth,489988,7.5,4.761807577,82.87731901,0.117647059,3.916892563,-0.976818028,9.3,122.5787966
E05000623,Shaftesbury,Wandsworth,552438,7.5,2.765810596,117.4102515,0.208333333,5.52140209,-9.665284568,8.3,150.1371308
E05000624,Southfields,Wandsworth,430813,8,2.640710246,81.57723915,0.242424242,3.710393954,-4.332727135,6,108.1340342
E05000625,Thamesfield,Wandsworth,528975,8,1.300115798,99.5276356,0,4.527339789,3.932759508,3.6,80.3539823
E05000626,Tooting,Wandsworth,332313,7.6,5.608211939,61.27875159,0.17699115,5.110871411,-0.670822974,12.7,102.7431421
E05000627,Wandsworth Common,Wandsworth,477313,7.6,2.02074243,74.81781873,1.075949367,2.708039957,3.403848915,6.4,54.77898551
E05000628,West Hill,Wandsworth,325306,8,4.637400205,54.98590558,0.18018018,2.806530092,-1.217456259,10,97.87322275
E05000629,West Putney,Wandsworth,443150,8,3.785759841,72.55642934,0.198675497,2.704274384,-4.582649754,10.8,81.73889491
E05000630,Abbey Road,Westminster,808125,8,2.264290768,56.74665066,0.176211454,5.356010394,-1.117032685,4.8,107.0319635
E05000631,Bayswater,Westminster,661125,7.9,4.198167576,130.6404328,0,6.512012931,3.354985157,8.5,203.976834
E05000632,Bryanston and Dorset Square,Westminster,749688,7.9,3.555147557,83.68155676,0.080645161,7.996288883,-7.146516218,4.8,172.351314
E05000633,Churchill,Westminster,575038,8,6.580462928,134.897473,0.198019802,4.930007196,4.60761474,14.8,170.8866995
E05000634,Church Street,Westminster,383113,8,12.26833896,70.77620443,0.334728033,6.718213923,0.153797142,20.5,269.2792793
E05000635,Harrow Road,Westminster,407546,8,10.5040221,85.36501855,0,5.71677121,-11.46468825,19,253.0909091
E05000636,Hyde Park,Westminster,672813,7.9,2.910936835,61.46155461,0,7.982478216,0.992312228,6.3,133.2533889
E05000637,Knightsbridge and Belgravia,Westminster,3327500,8,0.407212828,61.57303461,0,6.629948693,12.60252109,0.6,25.7445032
E05000638,Lancaster Gate,Westminster,739375,7.9,3.28695217,157.3686637,0.073800738,7.652652826,-2.172641647,6.4,218.031746
E05000639,Little Venice,Westminster,758750,8,3.32585803,93.0458011,0.092165899,5.644336652,0.326445438,9.8,172.0754717
E05000640,Maida Vale,Westminster,644681,8,4.688451608,97.34730546,0.289855072,5.186926433,8.90736587,9.3,163.8854489
E05000641,Marylebone High Street,Westminster,958750,7.9,1.264928676,64.01068327,0.092592593,7.741554936,-1.823287409,3.6,107.7422577
E05000642,Queen's Park,Westminster,455938,8,13.31247989,71.91561832,0,5.040480881,-11.69435001,22.9,218.6963979
E05000643,Regent's Park,Westminster,787500,8,2.372536586,61.49660734,0.08097166,5.223717068,16.86009982,5.4,54.9822695
E05000644,St James's,Westminster,911103,8,5.893185775,63.64486615,0.346320346,7.596734585,8.062885475,8.3,33.03633218
E05000645,Tachbrook,Westminster,570000,8,2.714716247,77.99031617,0.239520958,6.561638189,7.679025832,7.5,190.2252252
E05000646,Vincent Square,Westminster,668813,8,4.155565647,33.14266907,0.194174757,6.90706942,9.540091556,10.5,151.3119534
E05000647,Warwick,Westminster,725875,8,3.852829419,56.69567718,0.103626943,7.223790239,3.438364346,8,167.1254355
E05000648,Westbourne,Westminster,415375,8,9.379643829,83.76896129,0.153846154,4.908972264,5.580319738,18.9,192.5964392
E05000649,West End,Westminster,1402531,8,3.135138472,91.25611689,0.365296804,7.983707684,-5.031663425,8.9,55.66132265